index,7-10-2021,7-9-2021,7-8-2021,7-7-2021,7-6-2021,7-5-2021,7-4-2021,7-3-2021,7-2-2021,7-1-2021,6-30-2021,6-29-2021,6-28-2021,6-27-2021,6-26-2021,6-25-2021,6-24-2021,6-23-2021,6-22-2021,6-21-2021,6-20-2021,6-19-2021,6-18-2021,6-17-2021,6-16-2021,6-15-2021,6-14-2021,6-13-2021,6-12-2021,6-11-2021,6-10-2021,6-9-2021,6-8-2021,6-7-2021,6-6-2021,6-5-2021,6-4-2021,6-3-2021,6-2-2021,6-1-2021,5-31-2021,5-30-2021,5-29-2021,5-28-2021,5-27-2021,5-26-2021,5-25-2021,5-24-2021,5-23-2021,5-22-2021,5-21-2021,5-20-2021,5-19-2021,5-18-2021,5-17-2021,5-16-2021,5-15-2021,5-14-2021,5-13-2021,5-12-2021
US Cases,33813392.0,33804801.0,33769600.0,33746442.0,33713995.0,33690446.0,33685075.0,33681336.0,33676646.0,33656144.0,33639627.0,33618517.0,33607895.0,33592325.0,33588160.0,33581475.0,33566512.0,33551819.0,33537764.0,33524991.0,33509001.0,33504938.0,33497177.0,33475952.0,33465562.0,33452809.0,33441920.0,33429075.0,33424159.0,33415845.0,33430296.0,33420700.0,33398257.0,33383147.0,33369389.0,33363322.0,33352885.0,33336374.0,33320769.0,33303277.0,33280967.0,33275365.0,33267937.0,33256347.0,33234576.0,33208895.0,33186114.0,33163533.0,33137938.0,33123794.0,33105341.0,33076464.0,33053583.0,33024648.0,32996738.0,32967351.0,32950735.0,32921718.0,32880674.0,32842140.0
New US Cases,8591.0,35201.0,23130.0,32447.0,23549.0,5371.0,3485.0,4690.0,20502.0,16517.0,16029.0,10622.0,15570.0,4087.0,6685.0,14963.0,14707.0,14042.0,12773.0,15834.0,4063.0,7761.0,12541.0,10329.0,12662.0,10889.0,12845.0,4916.0,8314.0,26076.0,11841.0,22432.0,15048.0,13758.0,6067.0,10437.0,16511.0,19497.0,17247.0,22260.0,5602.0,7428.0,11590.0,21727.0,27703.0,23604.0,22581.0,25595.0,14144.0,18016.0,28877.0,29701.0,28935.0,27910.0,29387.0,16616.0,29017.0,41044.0,38534.0,35538.0
VISN10 Cases,2199122.0,2198876.0,2197609.0,2196924.0,2196452.0,2195251.0,2195090.0,2195090.0,2194936.0,2194431.0,2193486.0,2192805.0,2192192.0,2191401.0,2191282.0,2191104.0,2190560.0,2189932.0,2189203.0,2188582.0,2187975.0,2187846.0,2187279.0,2186678.0,2186179.0,2185483.0,2184898.0,2184128.0,2183912.0,2183158.0,2182360.0,2181477.0,2180708.0,2179856.0,2178914.0,2178685.0,2177790.0,2176541.0,2174665.0,2173832.0,2172221.0,2172208.0,2171692.0,2170489.0,2169000.0,2167337.0,2165231.0,2163575.0,2161700.0,2160809.0,2158729.0,2156499.0,2153661.0,2150900.0,2148617.0,2145492.0,2144588.0,2142149.0,2139115.0,2135739.0
VISN12 Cases,1885488.0,1885488.0,1884929.0,1884309.0,1883859.0,1882973.0,1882839.0,1882837.0,1882832.0,1882452.0,1881963.0,1881709.0,1881355.0,1880695.0,1880684.0,1880680.0,1880396.0,1880073.0,1879748.0,1879439.0,1878757.0,1878749.0,1878730.0,1878523.0,1878190.0,1877798.0,1877431.0,1877038.0,1876798.0,1876479.0,1875991.0,1875449.0,1874975.0,1874465.0,1873921.0,1873642.0,1873174.0,1872426.0,1871549.0,1870877.0,1870370.0,1869541.0,1869014.0,1868334.0,1867174.0,1865894.0,1864544.0,1863392.0,1862324.0,1861330.0,1859943.0,1858093.0,1856066.0,1854209.0,1852426.0,1851098.0,1849919.0,1848062.0,1845864.0,1843467.0
VISN20 Cases,920160.0,920160.0,919178.0,918264.0,917179.0,915321.0,915321.0,915321.0,915321.0,914540.0,913762.0,913081.0,912461.0,911510.0,911326.0,910792.0,909951.0,909063.0,907777.0,907014.0,905737.0,905478.0,904803.0,903961.0,903047.0,902134.0,901243.0,900141.0,899925.0,899134.0,898001.0,896877.0,894627.0,893520.0,893233.0,893014.0,892099.0,890647.0,889381.0,888055.0,886123.0,885808.0,885553.0,884429.0,882770.0,880720.0,878385.0,876812.0,874083.0,873737.0,873232.0,870916.0,869213.0,867546.0,866233.0,864579.0,863984.0,862569.0,859008.0,856704.0
OH Cases,1114036.0,1113737.0,1113383.0,1113006.0,1112689.0,1112499.0,1112289.0,1112289.0,1112088.0,1111903.0,1111324.0,1111124.0,1110847.0,1110700.0,1110546.0,1110292.0,1110000.0,1109697.0,1109374.0,1109025.0,1108902.0,1108736.0,1108528.0,1108146.0,1107902.0,1107521.0,1107225.0,1107047.0,1106796.0,1106411.0,1106064.0,1105720.0,1105329.0,1104903.0,1104648.0,1104380.0,1104001.0,1103380.0,1102890.0,1102556.0,1101934.0,1101934.0,1101557.0,1100972.0,1100312.0,1099580.0,1098594.0,1097867.0,1097300.0,1096617.0,1095746.0,1094742.0,1093534.0,1092616.0,1091623.0,1090894.0,1090276.0,1089357.0,1088343.0,1087182.0
OH NewCases,299.0,354.0,377.0,317.0,190.0,210.0,0.0,201.0,185.0,579.0,200.0,277.0,147.0,154.0,254.0,292.0,303.0,323.0,349.0,123.0,166.0,208.0,382.0,244.0,381.0,296.0,178.0,251.0,385.0,347.0,344.0,391.0,426.0,255.0,268.0,379.0,621.0,490.0,334.0,622.0,0.0,377.0,585.0,660.0,732.0,986.0,727.0,567.0,683.0,871.0,1004.0,1208.0,918.0,993.0,729.0,618.0,919.0,1014.0,1161.0,1449.0
IN Cases,760422.0,760422.0,759985.0,759428.0,759056.0,758078.0,758078.0,758078.0,758078.0,757671.0,757279.0,756877.0,756608.0,756046.0,756046.0,756046.0,755741.0,755454.0,755172.0,754867.0,754583.0,754583.0,754043.0,753773.0,753511.0,753174.0,752871.0,752437.0,752437.0,751991.0,751596.0,751136.0,750782.0,750418.0,749890.0,749890.0,749471.0,749027.0,747810.0,747549.0,747032.0,747032.0,746674.0,746246.0,745688.0,745032.0,744389.0,743899.0,743524.0,742961.0,742295.0,741506.0,740613.0,739811.0,739327.0,738790.0,738064.0,736920.0,736022.0,735139.0
IN NewCases,0.0,437.0,557.0,372.0,978.0,0.0,0.0,0.0,407.0,392.0,402.0,269.0,562.0,0.0,0.0,305.0,287.0,282.0,305.0,284.0,0.0,540.0,270.0,262.0,337.0,303.0,434.0,0.0,446.0,395.0,460.0,354.0,364.0,528.0,0.0,419.0,444.0,1217.0,261.0,517.0,0.0,358.0,428.0,558.0,656.0,643.0,490.0,375.0,563.0,666.0,789.0,893.0,802.0,484.0,537.0,726.0,1144.0,898.0,883.0,843.0
MI Cases,999593.0,999584.0,998790.0,998766.0,998762.0,998238.0,998236.0,998236.0,998236.0,998112.0,997871.0,997564.0,997328.0,996951.0,996951.0,996951.0,996813.0,996614.0,996255.0,996068.0,995718.0,995718.0,995718.0,995546.0,995374.0,995158.0,994940.0,994558.0,994552.0,994337.0,994003.0,993636.0,993341.0,992975.0,992526.0,992513.0,992116.0,991556.0,991029.0,990509.0,989544.0,989542.0,989522.0,988986.0,988245.0,987393.0,987859.0,986892.0,985443.0,985433.0,984245.0,983077.0,981455.0,979534.0,977992.0,975440.0,975388.0,973953.0,971849.0,969452.0
MI NewCases,9.0,794.0,24.0,4.0,524.0,2.0,0.0,0.0,124.0,241.0,307.0,236.0,377.0,0.0,0.0,138.0,199.0,359.0,187.0,350.0,0.0,0.0,172.0,172.0,216.0,218.0,382.0,6.0,215.0,334.0,367.0,295.0,366.0,449.0,13.0,397.0,560.0,527.0,520.0,965.0,2.0,20.0,536.0,741.0,852.0,1123.0,967.0,1449.0,10.0,1188.0,1168.0,1622.0,1921.0,1542.0,2552.0,52.0,1435.0,2104.0,2397.0,2717.0
IL Cases,1399525.0,1399525.0,1398935.0,1398366.0,1397725.0,1396606.0,1396606.0,1396606.0,1396606.0,1396270.0,1395863.0,1395442.0,1395179.0,1394454.0,1394454.0,1394454.0,1394189.0,1393961.0,1393640.0,1393461.0,1392733.0,1392733.0,1392733.0,1392635.0,1392390.0,1392005.0,1391785.0,1391662.0,1391382.0,1391107.0,1390705.0,1390331.0,1389968.0,1389551.0,1389287.0,1388953.0,1388428.0,1387795.0,1387456.0,1386620.0,1386189.0,1385670.0,1385086.0,1384319.0,1383335.0,1382318.0,1381201.0,1380389.0,1379411.0,1378492.0,1377403.0,1375837.0,1374215.0,1372597.0,1371126.0,1370094.0,1368875.0,1367431.0,1365634.0,1363563.0
IL NewCases,0.0,590.0,569.0,641.0,1119.0,0.0,0.0,0.0,336.0,407.0,421.0,263.0,725.0,0.0,0.0,265.0,228.0,321.0,179.0,728.0,0.0,0.0,98.0,245.0,385.0,220.0,123.0,280.0,275.0,402.0,374.0,403.0,417.0,264.0,334.0,525.0,633.0,709.0,836.0,431.0,519.0,584.0,767.0,984.0,1017.0,1117.0,812.0,978.0,919.0,1089.0,1566.0,1622.0,1618.0,1471.0,1032.0,1219.0,1444.0,1797.0,2071.0,1788.0
WI Cases,678815.0,678815.0,678671.0,678436.0,678260.0,678215.0,678067.0,678067.0,678067.0,677952.0,677833.0,677743.0,677608.0,677464.0,677464.0,677464.0,677398.0,677256.0,677143.0,677030.0,676885.0,676885.0,676885.0,676763.0,676655.0,676619.0,676489.0,676288.0,676288.0,676288.0,676178.0,675993.0,675863.0,675661.0,675363.0,675363.0,675363.0,675152.0,674952.0,674693.0,674630.0,674216.0,674216.0,674216.0,673951.0,673601.0,673236.0,672801.0,672632.0,672476.0,672122.0,671658.0,671089.0,670575.0,670017.0,669636.0,669636.0,669018.0,668421.0,667850.0
WI NewCases,0.0,144.0,235.0,176.0,45.0,148.0,0.0,0.0,115.0,119.0,90.0,135.0,144.0,0.0,0.0,66.0,142.0,113.0,113.0,145.0,0.0,0.0,122.0,108.0,36.0,130.0,201.0,0.0,0.0,110.0,185.0,130.0,202.0,298.0,0.0,0.0,211.0,200.0,259.0,63.0,414.0,0.0,0.0,265.0,350.0,365.0,435.0,169.0,156.0,354.0,464.0,569.0,514.0,558.0,381.0,0.0,618.0,597.0,571.0,663.0
WA Cases,457092.0,457092.0,456643.0,456116.0,455630.0,454484.0,454484.0,454484.0,454484.0,454087.0,453630.0,453307.0,452960.0,452390.0,452327.0,451980.0,451560.0,450995.0,450240.0,449829.0,449170.0,449108.0,448716.0,448263.0,447720.0,447268.0,446778.0,446091.0,446007.0,445462.0,444852.0,444130.0,442457.0,441694.0,441888.0,441888.0,441243.0,440509.0,439637.0,438893.0,437500.0,437492.0,437492.0,436741.0,435680.0,434154.0,432490.0,431446.0,429526.0,429514.0,429514.0,427913.0,426949.0,426058.0,425382.0,424581.0,424499.0,423721.0,421279.0,419977.0
WA NewCases,0.0,449.0,527.0,486.0,1146.0,0.0,0.0,0.0,397.0,457.0,323.0,347.0,570.0,63.0,347.0,420.0,565.0,742.0,411.0,659.0,62.0,392.0,453.0,482.0,452.0,490.0,687.0,84.0,545.0,610.0,722.0,1673.0,763.0,-194.0,0.0,645.0,734.0,872.0,719.0,1393.0,8.0,0.0,751.0,1061.0,1526.0,1664.0,1044.0,1920.0,12.0,0.0,1601.0,964.0,891.0,676.0,801.0,82.0,778.0,2442.0,1302.0,1098.0
OR Cases,210287.0,210287.0,210042.0,209800.0,209561.0,209082.0,209082.0,209082.0,209082.0,208900.0,208680.0,208504.0,208310.0,208192.0,208071.0,207884.0,207617.0,207417.0,207106.0,206854.0,206777.0,206581.0,206299.0,206038.0,205780.0,205459.0,205154.0,205030.0,204898.0,204653.0,204317.0,204016.0,203679.0,203411.0,203252.0,203033.0,202762.0,202286.0,202078.0,201701.0,201561.0,201260.0,201005.0,200632.0,200219.0,199858.0,199408.0,199046.0,198689.0,198356.0,197851.0,197356.0,196845.0,196405.0,196004.0,195684.0,195179.0,194542.0,193732.0,193014.0
OR NewCases,0.0,245.0,242.0,239.0,479.0,0.0,0.0,0.0,182.0,220.0,176.0,194.0,118.0,121.0,187.0,267.0,200.0,311.0,252.0,77.0,196.0,282.0,261.0,258.0,321.0,305.0,124.0,132.0,245.0,336.0,301.0,337.0,268.0,159.0,219.0,271.0,476.0,208.0,377.0,140.0,301.0,255.0,373.0,413.0,361.0,450.0,362.0,357.0,333.0,505.0,495.0,511.0,440.0,401.0,320.0,505.0,637.0,810.0,718.0,598.0
ID Cases,195910.0,195910.0,195775.0,195630.0,195506.0,195249.0,195249.0,195249.0,195249.0,195166.0,195074.0,194977.0,194901.0,194768.0,194768.0,194768.0,194685.0,194596.0,194444.0,194327.0,194084.0,194084.0,194084.0,194084.0,193997.0,193910.0,193821.0,193593.0,193593.0,193593.0,193475.0,193375.0,193235.0,193107.0,192870.0,192870.0,192870.0,192704.0,192552.0,192378.0,192084.0,192084.0,192084.0,192084.0,191949.0,191810.0,191618.0,191469.0,191139.0,191139.0,191139.0,190972.0,190784.0,190547.0,190354.0,189982.0,189982.0,189982.0,189815.0,189657.0
ID NewCases,0.0,135.0,145.0,124.0,257.0,0.0,0.0,0.0,83.0,92.0,97.0,76.0,133.0,0.0,0.0,83.0,89.0,152.0,117.0,243.0,0.0,0.0,0.0,87.0,87.0,89.0,228.0,0.0,0.0,118.0,100.0,140.0,128.0,237.0,0.0,0.0,166.0,152.0,174.0,294.0,0.0,0.0,0.0,135.0,139.0,192.0,149.0,330.0,0.0,0.0,167.0,188.0,237.0,193.0,372.0,0.0,0.0,167.0,158.0,230.0
AK Cases,70534.0,70534.0,70404.0,70404.0,70193.0,70193.0,70193.0,70193.0,70193.0,70094.0,70094.0,70007.0,70007.0,69911.0,69911.0,69911.0,69871.0,69871.0,69803.0,69803.0,69716.0,69716.0,69716.0,69609.0,69609.0,69558.0,69558.0,69489.0,69489.0,69489.0,69429.0,69429.0,69313.0,69362.0,69313.0,69313.0,69313.0,69253.0,69201.0,69160.0,69051.0,69051.0,69051.0,69051.0,69004.0,68961.0,68899.0,68847.0,68753.0,68753.0,68753.0,68688.0,68611.0,68513.0,68457.0,68325.0,68325.0,68325.0,68222.0,68143.0
AK NewCases,0.0,130.0,0.0,211.0,0.0,0.0,0.0,0.0,99.0,0.0,87.0,0.0,96.0,0.0,0.0,40.0,0.0,68.0,0.0,87.0,0.0,0.0,107.0,0.0,51.0,0.0,69.0,0.0,0.0,60.0,0.0,67.0,-49.0,49.0,0.0,0.0,60.0,52.0,41.0,109.0,0.0,0.0,0.0,47.0,43.0,62.0,52.0,94.0,0.0,0.0,65.0,77.0,98.0,56.0,132.0,0.0,0.0,103.0,79.0,86.0
MD Cases,463324.0,463197.0,463052.0,462953.0,462898.0,462851.0,462813.0,462752.0,462656.0,462571.0,462496.0,462434.0,462398.0,462361.0,462295.0,462234.0,462170.0,462104.0,462045.0,461996.0,461956.0,461914.0,461852.0,461766.0,461687.0,461609.0,461543.0,461483.0,461401.0,461314.0,461200.0,461077.0,460951.0,460872.0,460788.0,460684.0,460552.0,460406.0,460272.0,460207.0,460106.0,459989.0,459740.0,459555.0,459307.0,459069.0,458871.0,458711.0,458483.0,458239.0,457718.0,457275.0,456956.0,456619.0,456408.0,456196.0,455827.0,455448.0,454936.0,454462.0
MD NewCases,127.0,145.0,99.0,55.0,47.0,38.0,61.0,96.0,85.0,75.0,62.0,36.0,37.0,66.0,61.0,64.0,66.0,59.0,49.0,40.0,42.0,62.0,86.0,79.0,78.0,66.0,60.0,82.0,87.0,114.0,123.0,126.0,79.0,84.0,104.0,132.0,146.0,134.0,65.0,101.0,117.0,249.0,185.0,248.0,238.0,198.0,160.0,228.0,244.0,521.0,443.0,319.0,337.0,211.0,212.0,369.0,379.0,512.0,474.0,471.0
VA Cases,682433.0,682147.0,681890.0,681599.0,681326.0,681194.0,681072.0,680904.0,680744.0,680564.0,680340.0,680065.0,679917.0,679828.0,679680.0,679472.0,679330.0,679137.0,678909.0,678765.0,678649.0,678595.0,678506.0,678392.0,678226.0,677949.0,677812.0,677744.0,677671.0,677530.0,677425.0,677210.0,677013.0,676831.0,676741.0,676586.0,676300.0,676041.0,675783.0,675597.0,675538.0,675392.0,675165.0,674843.0,674439.0,674082.0,673759.0,673105.0,673029.0,672793.0,672312.0,671916.0,671325.0,670854.0,670465.0,670192.0,669918.0,669219.0,668726.0,668147.0
VA NewCases,286.0,257.0,291.0,273.0,132.0,122.0,168.0,160.0,180.0,224.0,275.0,148.0,89.0,148.0,208.0,142.0,193.0,228.0,144.0,116.0,54.0,89.0,114.0,166.0,277.0,137.0,68.0,73.0,141.0,105.0,215.0,197.0,182.0,90.0,155.0,286.0,259.0,258.0,186.0,59.0,146.0,227.0,322.0,404.0,357.0,323.0,654.0,76.0,236.0,481.0,396.0,591.0,471.0,389.0,273.0,274.0,699.0,493.0,579.0,561.0
DC Cases,49455.0,49455.0,49434.0,49423.0,49417.0,49378.0,49378.0,49378.0,49378.0,49362.0,49335.0,49347.0,49315.0,49305.0,49305.0,49305.0,49297.0,49284.0,49275.0,49248.0,49243.0,49243.0,49243.0,49232.0,49223.0,49213.0,49179.0,49158.0,49158.0,49158.0,49151.0,49127.0,49119.0,49110.0,49068.0,49068.0,49068.0,49041.0,49011.0,49000.0,48898.0,48898.0,48898.0,48898.0,48844.0,48822.0,48803.0,48762.0,48748.0,48727.0,48689.0,48662.0,48634.0,48616.0,48590.0,48545.0,48530.0,48424.0,48404.0,48336.0
DC NewCases,0.0,21.0,11.0,6.0,39.0,0.0,0.0,0.0,16.0,27.0,-12.0,32.0,10.0,0.0,0.0,8.0,13.0,9.0,27.0,5.0,0.0,0.0,11.0,9.0,10.0,34.0,21.0,0.0,0.0,7.0,24.0,8.0,9.0,42.0,0.0,0.0,27.0,30.0,11.0,102.0,0.0,0.0,0.0,54.0,22.0,19.0,41.0,14.0,21.0,38.0,27.0,28.0,18.0,26.0,45.0,15.0,106.0,20.0,68.0,54.0
MO Cases,594325.0,593293.0,590950.0,589498.0,588047.0,586829.0,586282.0,585149.0,584930.0,583991.0,582708.0,581635.0,580651.0,579889.0,579525.0,579010.0,578002.0,576910.0,576148.0,575373.0,574801.0,574520.0,573908.0,573116.0,572370.0,571546.0,571018.0,570570.0,570311.0,569907.0,569220.0,568604.0,568028.0,567424.0,567000.0,566986.0,566609.0,566055.0,565428.0,564921.0,564664.0,564548.0,564365.0,563978.0,563401.0,562801.0,562271.0,561833.0,561542.0,561335.0,560964.0,560488.0,559913.0,559482.0,559071.0,558763.0,558557.0,558232.0,557781.0,557279.0
MO NewCases,1032.0,2343.0,1452.0,1451.0,1218.0,547.0,879.0,219.0,939.0,1283.0,1073.0,984.0,762.0,364.0,515.0,1008.0,1092.0,762.0,775.0,572.0,281.0,612.0,792.0,746.0,733.0,528.0,448.0,259.0,404.0,687.0,616.0,576.0,604.0,424.0,14.0,377.0,554.0,627.0,507.0,257.0,116.0,183.0,387.0,577.0,600.0,530.0,438.0,291.0,207.0,0.0,476.0,575.0,431.0,411.0,308.0,206.0,325.0,451.0,502.0,296.0
VISN10 VACases,126590.8,126575.32,126504.85,126463.16,126434.41,126365.41,126355.45,126355.45,126345.84,126315.7,126261.93,126223.42,126188.23,126144.3,126137.0,126126.42,126093.84,126058.01,126016.62,125980.62,125946.56,125938.84,125904.23,125869.51,125840.51,125800.11,125765.86,125722.15,125708.83,125664.7,125619.49,125568.16,125524.13,125475.3,125421.39,125407.51,125355.9,125283.93,125175.46,125127.75,125037.48,125036.56,125005.52,124936.31,124851.26,124756.79,124634.99,124539.24,124435.09,124381.07,124264.03,124136.42,123972.77,123817.13,123685.8,123514.33,123459.34,123319.12,123147.76,122960.53
VISN12 VACases,91181.61,91181.61,91154.49,91124.31,91102.05,91062.21,91054.5,91054.37,91054.09,91034.11,91010.28,90997.13,90978.81,90948.15,90947.52,90947.28,90933.76,90917.45,90901.43,90885.2,90853.47,90852.99,90851.92,90840.34,90823.82,90805.08,90785.74,90765.17,90755.34,90739.88,90716.88,90689.6,90667.06,90641.26,90612.6,90601.09,90581.64,90546.24,90505.06,90470.59,90447.53,90407.69,90386.35,90356.6,90301.49,90239.51,90175.46,90117.79,90070.75,90027.76,89963.58,89877.54,89781.92,89693.82,89608.59,89545.25,89495.99,89406.16,89302.47,89189.13
VISN20 VACases,65236.2,65236.2,65164.05,65099.11,65018.37,64884.3,64884.3,64884.3,64884.3,64825.73,64772.34,64720.75,64675.7,64605.37,64593.23,64553.79,64492.02,64425.08,64337.91,64280.73,64183.28,64166.57,64115.82,64051.73,63984.43,63916.78,63852.05,63769.22,63755.7,63695.77,63611.19,63526.45,63389.85,63309.66,63259.73,63244.22,63174.71,63068.85,62972.51,62870.71,62725.17,62704.28,62687.15,62602.5,62474.99,62312.45,62130.73,62007.39,61798.7,61775.23,61738.38,61557.93,61431.65,61307.05,61207.2,61090.39,61047.99,60949.34,60682.1,60509.92
OH VACases,69099.41,69080.42,69058.87,69035.48,69015.75,69003.83,68990.74,68990.74,68978.08,68966.28,68932.51,68919.91,68903.03,68894.25,68884.58,68869.05,68850.75,68832.36,68813.53,68792.57,68785.17,68775.03,68762.21,68739.25,68724.08,68701.03,68682.47,68671.05,68655.4,68631.88,68610.6,68589.0,68564.96,68538.92,68523.08,68506.59,68482.99,68444.78,68415.55,68394.41,68355.51,68355.51,68332.42,68296.39,68255.95,68210.41,68149.25,68104.04,68068.41,68026.24,67972.69,67910.33,67834.96,67777.78,67716.28,67671.01,67632.88,67575.61,67512.9,67441.11
OH NewVACases,18.99,21.56,23.38,19.74,11.91,13.09,0.0,12.66,11.8,33.77,12.6,16.88,8.78,9.67,15.53,18.3,18.39,18.83,20.96,7.41,10.14,12.82,22.96,15.17,23.05,18.56,11.42,15.65,23.51,21.29,21.6,24.04,26.04,15.84,16.49,23.6,38.21,29.24,21.13,38.9,0.0,23.09,36.03,40.45,45.53,61.16,45.21,35.63,42.16,53.55,62.36,75.38,57.18,61.5,45.27,38.13,57.27,62.71,71.78,89.52
IN VACases,45395.54,45395.54,45369.12,45335.34,45312.82,45253.77,45253.77,45253.77,45253.77,45229.24,45205.44,45180.99,45164.9,45131.87,45131.87,45131.87,45113.06,45096.03,45079.19,45060.72,45043.86,45043.86,45010.38,44994.28,44978.5,44958.77,44940.43,44914.52,44914.52,44887.59,44864.18,44836.76,44815.75,44793.77,44762.16,44762.16,44737.03,44709.94,44637.84,44622.23,44591.38,44591.38,44570.16,44544.33,44510.78,44471.88,44432.93,44403.52,44380.99,44347.53,44307.97,44260.98,44207.54,44160.23,44131.28,44099.73,44056.25,43989.83,43936.19,43883.43
IN NewVACases,0.0,26.42,33.78,22.52,59.05,0.0,0.0,0.0,24.53,23.8,24.45,16.09,33.03,0.0,0.0,18.81,17.03,16.84,18.47,16.86,0.0,33.48,16.11,15.78,19.73,18.34,25.92,0.0,26.93,23.4,27.42,21.01,21.99,31.61,0.0,25.13,27.09,72.1,15.61,30.85,0.0,21.22,25.83,33.55,38.9,38.95,29.41,22.53,33.45,39.56,46.99,53.44,47.31,28.95,31.55,43.47,66.42,53.64,52.75,50.12
MI VACases,55482.91,55482.27,55439.18,55437.85,55437.55,55409.53,55409.39,55409.39,55409.39,55402.66,55389.9,55374.04,55361.42,55341.28,55341.28,55341.28,55333.81,55323.44,55303.58,55293.26,55274.57,55274.57,55274.57,55265.29,55256.12,55243.92,55232.07,55211.58,55211.15,55199.61,55181.97,55161.71,55145.37,55124.79,55100.31,55099.39,55077.83,55047.23,55017.38,54987.59,54934.45,54934.31,54932.98,54903.66,54861.87,54815.12,54877.09,54822.09,54741.37,54740.68,54675.29,54610.41,54518.64,54410.16,54320.9,54180.68,54177.1,54096.35,53977.47,53845.06
MI NewVACases,0.64,43.09,1.33,0.3,28.02,0.14,0.0,0.0,6.73,12.76,15.87,12.62,20.14,0.0,0.0,7.47,10.37,19.86,10.32,18.69,0.0,0.0,9.28,9.17,12.2,11.85,20.49,0.43,11.53,17.65,20.25,16.34,20.58,24.48,0.92,21.56,30.6,29.85,29.79,53.14,0.14,1.33,29.32,41.79,46.76,63.56,55.0,80.72,0.69,65.39,64.88,91.77,108.48,89.26,140.22,3.59,80.74,118.88,132.41,151.28
IL VACases,66277.42,66277.42,66246.08,66214.29,66168.96,66109.76,66109.76,66109.76,66109.76,66090.13,66068.96,66036.44,66021.75,65983.95,65983.95,65983.95,65969.87,65957.79,65937.43,65927.85,65891.86,65891.86,65891.86,65886.17,65873.86,65852.69,65841.99,65836.2,65823.5,65809.57,65790.05,65771.22,65755.98,65733.33,65720.59,65704.84,65680.09,65649.8,65639.6,65595.79,65576.3,65553.03,65526.54,65489.29,65444.06,65395.39,65343.36,65304.1,65261.26,65220.16,65171.05,65098.62,65023.24,64945.69,64876.78,64829.86,64775.14,64707.4,64624.67,64527.09
IL NewVACases,0.0,31.33,31.79,45.33,59.2,0.0,0.0,0.0,19.64,21.17,32.52,14.69,37.8,0.0,0.0,14.07,12.08,20.36,9.58,35.99,0.0,0.0,5.69,12.31,21.17,10.7,5.79,12.7,13.93,19.52,18.83,19.11,22.65,12.74,15.76,24.75,30.29,31.91,43.81,19.48,23.28,26.49,37.25,45.24,48.67,52.03,39.26,42.83,41.1,49.11,72.43,75.38,77.55,68.91,46.91,54.72,67.74,82.73,97.58,87.92
WI VACases,39955.26,39955.26,39946.65,39933.95,39924.17,39921.79,39913.27,39913.27,39913.27,39906.4,39899.54,39894.56,39886.88,39878.33,39878.33,39878.33,39874.74,39866.59,39859.94,39853.28,39843.95,39843.95,39843.95,39836.43,39830.21,39827.79,39819.57,39808.53,39808.53,39808.53,39802.16,39791.02,39782.91,39770.7,39752.56,39752.56,39752.56,39739.76,39727.91,39711.88,39708.33,39683.93,39683.93,39683.93,39667.17,39645.81,39623.66,39597.85,39587.66,39578.65,39558.08,39529.25,39495.5,39464.32,39430.11,39407.57,39407.57,39369.63,39333.57,39298.76
WI NewVACases,0.0,8.61,12.69,9.78,2.38,8.52,0.0,0.0,6.87,6.86,4.99,7.67,8.55,0.0,0.0,3.59,8.15,6.65,6.66,9.33,0.0,0.0,7.51,6.22,2.42,8.21,11.04,0.0,0.0,6.38,11.13,8.12,12.2,18.14,0.0,0.0,12.8,11.86,16.03,3.55,24.4,0.0,0.0,16.76,21.36,22.15,25.81,10.19,9.01,20.57,28.83,33.75,31.18,34.21,22.54,0.0,37.94,36.07,34.81,40.93
WA VACases,31588.72,31588.72,31558.17,31521.25,31487.85,31405.46,31405.46,31405.46,31405.46,31377.16,31346.34,31322.76,31297.74,31255.5,31252.51,31227.57,31195.21,31153.05,31104.71,31074.01,31026.4,31023.46,30993.56,30959.74,30921.12,30887.2,30851.57,30799.85,30795.86,30754.66,30706.88,30652.33,30558.27,30503.63,30488.78,30488.78,30439.13,30384.87,30320.01,30261.28,30156.52,30156.0,30156.0,30097.49,30013.82,29891.59,29758.14,29675.51,29525.55,29524.78,29524.78,29397.69,29327.43,29260.52,29209.41,29156.21,29149.31,29094.57,28907.71,28807.7
WA NewVACases,0.0,30.55,36.92,33.41,82.38,0.0,0.0,0.0,28.3,30.82,23.58,25.02,42.23,2.99,24.94,32.37,42.16,47.48,30.7,47.61,2.94,29.9,33.82,35.6,33.92,35.63,51.72,3.99,41.2,47.78,54.55,94.06,54.64,14.85,0.0,49.65,54.27,64.85,57.35,104.77,0.51,0.0,58.52,83.67,122.23,133.46,82.63,149.95,0.77,0.0,127.09,70.27,66.91,51.11,53.2,6.91,54.73,186.86,100.01,83.06
OR VACases,14254.74,14254.74,14236.11,14219.04,14201.35,14166.97,14166.97,14166.97,14166.97,14152.87,14137.43,14124.05,14109.79,14101.64,14092.49,14077.98,14059.48,14043.83,14022.53,14003.48,13997.63,13983.93,13963.18,13943.42,13922.98,13900.86,13878.9,13869.8,13860.27,13841.63,13819.45,13796.68,13774.08,13754.26,13743.92,13728.41,13708.46,13675.34,13658.69,13631.92,13622.29,13602.32,13585.18,13559.06,13529.55,13502.53,13471.64,13444.62,13421.57,13398.96,13362.12,13326.35,13288.89,13258.06,13228.15,13207.01,13172.05,13128.13,13071.5,13021.65
OR NewVACases,0.0,18.63,17.07,17.69,34.38,0.0,0.0,0.0,14.1,15.44,13.38,14.26,8.15,9.15,14.51,18.5,15.65,21.3,19.05,5.85,13.7,20.76,19.76,20.44,22.11,21.96,9.1,9.53,18.64,22.18,22.76,22.61,19.82,10.33,15.51,19.95,33.12,16.65,26.77,9.63,19.98,17.13,26.12,29.51,27.02,30.89,27.02,23.05,22.61,36.85,35.76,37.46,30.84,29.91,21.13,34.97,43.92,56.63,49.85,42.03
ID VACases,13056.54,13056.54,13047.5,13036.61,13028.41,13010.14,13010.14,13010.14,13010.14,13004.26,12998.06,12991.42,12985.97,12976.07,12976.07,12976.07,12970.28,12963.43,12951.34,12942.72,12923.87,12923.87,12923.87,12923.87,12917.23,12910.55,12903.95,12887.11,12887.11,12887.11,12878.57,12871.12,12860.37,12850.48,12832.61,12832.61,12832.61,12820.2,12808.8,12795.75,12774.34,12774.34,12774.34,12774.34,12764.54,12754.11,12740.52,12729.6,12705.09,12705.09,12705.09,12692.94,12678.96,12661.17,12647.48,12620.32,12620.32,12620.32,12608.68,12597.14
ID NewVACases,0.0,9.04,10.89,8.2,18.27,0.0,0.0,0.0,5.88,6.2,6.64,5.45,9.9,0.0,0.0,5.79,6.84,12.1,8.62,18.85,0.0,0.0,0.0,6.64,6.67,6.6,16.84,0.0,0.0,8.53,7.45,10.75,9.89,17.87,0.0,0.0,12.41,11.39,13.06,21.4,0.0,0.0,0.0,9.8,10.43,13.59,10.91,24.52,0.0,0.0,12.15,13.98,17.79,13.69,27.16,0.0,0.0,11.64,11.54,16.71
AK VACases,6439.44,6439.44,6427.73,6427.73,6408.58,6408.58,6408.58,6408.58,6408.58,6400.02,6400.02,6392.16,6392.16,6384.31,6384.31,6384.31,6381.61,6381.61,6376.62,6376.62,6368.96,6368.96,6368.96,6360.25,6360.25,6355.35,6355.35,6349.6,6349.6,6349.6,6344.03,6344.03,6333.86,6337.95,6333.86,6333.86,6333.86,6328.83,6323.89,6320.05,6309.88,6309.88,6309.88,6309.88,6305.92,6301.96,6295.94,6290.93,6282.42,6282.42,6282.42,6276.57,6269.39,6260.54,6255.32,6242.78,6242.78,6242.78,6233.67,6226.28
AK NewVACases,0.0,11.71,0.0,19.16,0.0,0.0,0.0,0.0,8.56,0.0,7.86,0.0,7.85,0.0,0.0,2.7,0.0,4.99,0.0,7.66,0.0,0.0,8.7,0.0,4.91,0.0,5.74,0.0,0.0,5.57,0.0,6.08,-4.09,4.09,0.0,0.0,5.02,4.94,3.84,10.17,0.0,0.0,0.0,3.96,3.96,6.01,5.01,8.51,0.0,0.0,5.85,7.18,8.86,5.21,12.54,0.0,0.0,9.11,7.39,8.3
MD VACases,28771.96,28763.73,28755.07,28748.62,28744.93,28741.91,28739.66,28735.96,28729.91,28724.55,28719.9,28715.89,28713.71,28711.41,28707.33,28703.56,28699.58,28695.32,28691.33,28688.13,28685.59,28683.09,28679.16,28673.61,28668.31,28663.25,28659.07,28655.15,28649.82,28644.13,28636.67,28629.01,28621.01,28615.96,28610.62,28604.17,28595.77,28586.69,28577.67,28572.87,28566.42,28559.03,28545.14,28533.27,28516.6,28501.2,28488.26,28477.73,28463.33,28447.8,28416.06,28388.34,28367.49,28345.62,28332.42,28319.46,28296.06,28271.8,28238.59,28208.14
MD NewVACases,8.23,8.66,6.45,3.69,3.03,2.25,3.7,6.05,5.36,4.65,4.01,2.19,2.3,4.08,3.77,3.98,4.26,3.99,3.2,2.54,2.5,3.93,5.54,5.3,5.06,4.18,3.92,5.33,5.69,7.46,7.66,8.0,5.05,5.34,6.44,8.4,9.08,9.03,4.79,6.45,7.39,13.9,11.87,16.67,15.4,12.94,10.53,14.4,15.52,31.74,27.72,20.86,21.87,13.2,12.96,23.4,24.26,33.21,30.45,29.03
VA VACases,57168.95,57144.0,57121.62,57095.2,57071.22,57059.37,57049.4,57035.29,57019.4,57003.95,56985.61,56960.97,56948.33,56940.33,56927.47,56909.09,56894.33,56877.08,56856.1,56843.21,56833.26,56828.18,56819.25,56808.51,56793.82,56772.12,56759.79,56753.38,56747.04,56735.16,56725.9,56707.32,56690.86,56674.75,56666.89,56652.21,56627.66,56606.57,56584.16,56568.3,56562.31,56549.18,56527.57,56498.67,56461.46,56431.56,56401.65,56332.71,56326.68,56304.95,56263.56,56228.96,56177.46,56138.53,56104.34,56081.32,56057.75,55999.55,55957.28,55907.27
VA NewVACases,24.95,22.38,26.42,23.99,11.85,9.96,14.11,15.89,15.45,18.34,24.64,12.64,8.0,12.85,18.38,14.77,17.25,20.98,12.89,9.94,5.09,8.92,10.75,14.68,21.71,12.33,6.42,6.34,11.88,9.27,18.57,16.46,16.12,7.85,14.69,24.55,21.09,22.41,15.87,5.99,13.13,21.61,28.9,37.21,29.9,29.91,68.94,6.03,21.73,41.39,34.6,51.5,38.93,34.18,23.03,23.57,58.2,42.27,50.01,45.78
DC VACases,1982.13,1982.13,1981.28,1980.84,1980.6,1979.04,1979.04,1979.04,1979.04,1978.4,1977.32,1977.8,1976.51,1976.11,1976.11,1976.11,1975.79,1975.27,1974.91,1973.83,1973.63,1973.63,1973.63,1973.19,1972.83,1972.43,1971.06,1970.22,1970.22,1970.22,1969.94,1968.98,1968.66,1968.3,1966.61,1966.61,1966.61,1965.53,1964.33,1963.89,1959.8,1959.8,1959.8,1959.8,1957.64,1956.75,1955.99,1954.35,1953.79,1952.95,1951.42,1950.34,1949.22,1948.5,1947.46,1945.65,1945.05,1940.8,1940.0,1937.28
DC NewVACases,0.0,0.84,0.44,0.24,1.56,0.0,0.0,0.0,0.64,1.08,-0.48,1.28,0.4,0.0,0.0,0.32,0.52,0.36,1.08,0.2,0.0,0.0,0.44,0.36,0.4,1.36,0.84,0.0,0.0,0.28,0.96,0.32,0.36,1.68,0.0,0.0,1.08,1.2,0.44,4.09,0.0,0.0,0.0,2.16,0.88,0.76,1.64,0.56,0.84,1.52,1.08,1.12,0.72,1.04,1.8,0.6,4.25,0.8,2.73,2.16
MO VACases,40037.14,39961.85,39796.56,39694.12,39594.2,39513.06,39472.41,39392.87,39378.76,39312.56,39223.47,39147.97,39079.85,39029.64,39002.7,38966.05,38895.42,38817.37,38764.33,38710.76,38671.3,38650.66,38606.9,38551.3,38498.57,38439.92,38402.9,38372.67,38354.23,38325.73,38277.79,38233.44,38194.0,38151.57,38122.81,38122.03,38094.65,38055.44,38012.26,37977.24,37960.21,37952.5,37939.94,37912.87,37872.7,37831.46,37795.69,37765.69,37746.64,37732.52,37707.01,37673.92,37635.31,37606.38,37579.22,37559.58,37545.74,37524.3,37495.14,37461.71
MO NewVACases,75.29,165.29,102.44,99.92,81.14,40.65,62.05,14.11,66.2,89.09,75.5,68.12,50.21,26.94,36.64,70.64,78.05,53.04,53.57,39.46,20.64,43.75,55.61,52.73,52.36,37.03,30.23,18.44,28.49,47.94,44.36,39.44,42.43,28.76,0.78,27.38,39.21,43.18,35.03,17.02,7.71,12.56,27.08,40.17,41.23,35.77,30.01,19.05,14.12,0.0,33.09,38.62,28.93,27.16,19.64,13.84,21.43,29.16,33.43,19.98
AN ECases,6439.44,6439.44,6427.73,6427.73,6408.58,6408.58,6408.58,6408.58,6408.58,6400.02,6400.02,6392.16,6392.16,6384.31,6384.31,6384.31,6381.61,6381.61,6376.62,6376.62,6368.96,6368.96,6368.96,6360.25,6360.25,6355.35,6355.35,6349.6,6349.6,6349.6,6344.03,6344.03,6333.86,6337.95,6333.86,6333.86,6333.86,6328.83,6323.89,6320.05,6309.88,6309.88,6309.88,6309.88,6305.92,6301.96,6295.94,6290.93,6282.42,6282.42,6282.42,6276.57,6269.39,6260.54,6255.32,6242.78,6242.78,6242.78,6233.67,6226.28
AN NewECases,0.0,11.71,0.0,19.16,0.0,0.0,0.0,0.0,8.56,0.0,7.86,0.0,7.85,0.0,0.0,2.7,0.0,4.99,0.0,7.66,0.0,0.0,8.7,0.0,4.91,0.0,5.74,0.0,0.0,5.57,0.0,6.08,-4.09,4.09,0.0,0.0,5.02,4.94,3.84,10.17,0.0,0.0,0.0,3.96,3.96,6.01,5.01,8.51,0.0,0.0,5.85,7.18,8.86,5.21,12.54,0.0,0.0,9.11,7.39,8.3
PO ECases,17257.68,17257.68,17237.73,17217.73,17197.12,17150.39,17150.39,17150.39,17150.39,17133.94,17114.12,17101.73,17085.71,17069.84,17063.03,17046.93,17024.45,17004.06,16981.66,16963.78,16950.99,16940.13,16915.36,16894.76,16873.39,16850.88,16828.0,16810.48,16802.99,16778.46,16750.65,16716.67,16692.05,16662.05,16637.92,16624.51,16596.49,16553.79,16532.58,16502.53,16470.67,16454.43,16439.71,16406.67,16370.55,16332.09,16291.2,16252.63,16206.9,16186.64,16157.85,16108.55,16064.33,16027.76,15996.1,15961.8,15930.89,15878.79,15810.56,15752.31
PO NewECases,0.0,19.96,20.0,20.61,46.73,0.0,0.0,0.0,16.45,19.82,12.39,16.02,15.87,6.81,16.1,22.47,20.39,22.4,17.88,12.79,10.86,24.77,20.6,21.37,22.51,22.89,17.52,7.49,24.53,27.81,33.98,24.62,29.99,24.13,13.42,28.01,42.7,21.22,30.05,31.85,16.24,14.72,33.04,36.13,38.46,40.89,38.57,45.73,20.26,28.79,49.3,44.22,36.58,31.65,34.3,30.91,52.1,68.23,58.26,43.75
WC ECases,30978.54,30978.54,30917.41,30863.08,30832.01,30739.87,30739.87,30739.87,30739.87,30706.58,30667.17,30629.85,30591.1,30529.73,30525.29,30524.34,30471.74,30442.64,30412.5,30387.54,30350.09,30348.09,30345.61,30319.53,30300.79,30276.42,30260.86,30231.59,30229.99,30228.2,30211.22,30192.88,30175.22,30154.13,30115.5,30114.63,30114.06,30090.91,30066.31,30042.63,30001.11,30001.11,30001.11,30001.11,29976.71,29952.15,29932.5,29914.61,29889.55,29888.37,29885.76,29865.56,29843.75,29822.35,29805.86,29770.68,29770.68,29759.29,29734.12,29704.5
WC NewECases,0.0,61.13,54.33,31.06,92.14,0.0,0.0,0.0,33.29,39.41,37.32,38.75,61.37,4.44,0.96,52.6,29.1,30.14,24.96,37.45,2.0,2.48,26.08,18.74,24.36,15.57,29.26,1.61,1.78,16.98,18.35,17.66,21.09,38.63,0.87,0.57,23.15,24.6,23.68,41.53,0.0,0.0,0.0,24.4,24.56,19.64,17.9,25.06,1.17,2.61,20.2,21.82,21.4,16.49,35.18,0.0,11.39,25.17,29.62,32.06
WW ECases,1014.64,1014.64,1012.26,1009.87,1007.42,1003.81,1003.81,1003.81,1003.81,1002.62,1000.96,997.98,995.78,992.51,992.51,992.24,991.3,988.2,986.88,985.81,981.96,981.96,981.89,980.01,977.77,975.39,971.0,971.0,971.0,970.33,968.23,967.57,965.89,963.13,962.04,962.04,961.03,959.52,957.87,955.28,953.34,953.34,953.34,952.47,951.27,949.67,948.48,946.03,944.83,944.83,944.09,942.03,940.09,939.04,936.17,935.14,935.14,934.0,932.53,930.94
WW NewECases,0.0,2.37,2.39,2.46,3.61,0.0,0.0,0.0,1.19,1.66,2.99,2.2,3.27,0.0,0.27,0.94,3.09,0.47,1.08,3.85,0.0,0.07,1.88,2.24,2.38,4.39,0.0,0.0,0.67,2.1,0.66,1.68,2.76,1.09,0.0,1.01,1.52,1.64,2.59,1.94,0.0,0.0,0.87,1.2,1.6,1.19,2.45,1.2,0.0,0.74,2.06,1.94,1.05,2.88,1.03,0.0,1.14,1.47,1.59,1.41
WH ECases,3231.02,3231.02,3229.36,3228.27,3225.6,3223.95,3223.95,3223.95,3223.95,3221.41,3220.11,3219.08,3218.4,3215.93,3215.93,3215.93,3213.13,3211.01,3209.61,3209.54,3190.49,3190.49,3190.4,3188.8,3186.89,3185.5,3184.81,3184.2,3184.2,3184.11,3182.25,3181.08,3181.45,3181.18,3177.14,3177.14,3177.23,3175.5,3175.23,3174.59,3171.92,3171.92,3171.92,3171.92,3170.7,3170.34,3169.5,3169.84,3167.86,3167.77,3167.77,3166.1,3166.79,3165.38,3164.9,3161.07,3161.07,3161.07,3158.53,3157.37
WH NewECases,0.0,1.66,1.1,2.67,1.64,0.0,0.0,0.0,2.55,1.3,1.03,0.68,2.46,0.0,0.0,2.8,2.12,1.4,0.07,5.2,0.0,0.09,1.6,1.92,1.39,0.68,0.62,0.0,0.09,1.86,1.16,-0.37,0.27,4.04,0.0,-0.09,1.73,0.27,0.64,2.67,0.0,0.0,0.0,1.22,0.36,0.84,-0.34,1.99,0.09,0.0,1.66,-0.68,1.41,0.48,3.83,0.0,0.0,2.53,1.16,2.42
RO ECases,2701.07,2701.07,2692.93,2687.96,2684.33,2674.65,2674.65,2674.65,2674.65,2669.98,2666.71,2662.99,2659.37,2656.05,2653.89,2650.69,2647.0,2640.93,2635.42,2629.94,2625.68,2623.13,2618.9,2613.76,2607.76,2601.4,2594.89,2591.5,2589.85,2584.83,2580.71,2576.35,2571.57,2565.78,2562.81,2560.91,2557.88,2551.87,2544.5,2538.49,2534.88,2530.82,2528.49,2524.23,2518.55,2511.15,2503.82,2497.49,2488.91,2486.56,2479.43,2472.82,2463.37,2456.79,2446.73,2438.92,2434.52,2429.11,2420.47,2409.96
RO NewECases,0.0,8.14,4.96,3.63,9.68,0.0,0.0,0.0,4.67,3.27,3.71,3.62,3.32,2.16,3.2,3.69,6.07,5.5,5.48,4.26,2.55,4.23,5.13,6.0,6.36,6.51,3.39,1.65,5.02,4.12,4.36,4.77,5.8,2.97,1.9,3.03,6.01,7.37,6.01,3.61,4.05,2.34,4.26,5.67,7.4,7.33,6.33,8.59,2.34,7.14,6.6,9.45,6.58,10.06,7.81,4.4,5.42,8.64,10.51,9.27
PS ECases,18905.26,18905.26,18888.2,18863.86,18845.63,18795.85,18795.85,18795.85,18795.85,18778.07,18760.43,18744.05,18731.07,18710.65,18707.66,18689.84,18670.48,18645.61,18610.1,18591.14,18572.65,18569.71,18550.03,18528.52,18507.71,18487.38,18470.89,18446.43,18442.45,18415.07,18385.17,18355.72,18279.26,18250.64,18271.58,18271.58,18237.05,18209.85,18172.19,18143.43,18091.58,18091.18,18091.18,18047.92,17995.04,17917.59,17827.63,17784.12,17690.53,17689.92,17689.92,17608.99,17569.03,17528.91,17502.79,17476.35,17476.35,17451.62,17302.46,17237.2
PS NewECases,0.0,17.06,24.34,18.23,49.78,0.0,0.0,0.0,17.78,17.63,16.38,12.99,20.42,2.99,17.82,19.36,24.87,35.51,18.96,18.48,2.94,19.68,21.51,18.68,20.32,16.49,24.46,3.99,27.37,29.9,29.45,76.46,28.62,-20.94,0.0,34.53,27.19,37.67,28.76,51.84,0.4,0.0,43.26,52.88,77.45,89.97,43.51,93.6,0.6,0.0,80.94,39.95,40.12,26.12,26.44,0.0,24.74,149.15,65.26,60.12
MG ECases,8502.28,8502.28,8497.5,8492.51,8484.79,8472.01,8472.01,8472.01,8472.01,8467.88,8461.66,8459.25,8453.83,8441.29,8441.29,8439.91,8434.1,8426.27,8414.28,8406.78,8384.9,8384.9,8383.6,8379.39,8369.52,8363.4,8354.51,8333.27,8333.27,8331.43,8322.75,8311.37,8299.08,8288.67,8261.37,8261.37,8258.92,8244.53,8225.97,8205.16,8171.91,8171.8,8171.8,8168.72,8148.73,8120.31,8091.29,8068.77,8030.99,8030.82,8030.82,8002.38,7984.75,7965.86,7949.09,7931.02,7924.11,7909.47,7888.68,7867.98
MG NewECases,0.0,4.77,5.0,7.71,12.78,0.0,0.0,0.0,4.13,6.22,2.41,5.42,12.54,0.0,1.38,5.82,7.83,11.98,7.5,21.89,0.0,1.29,4.21,8.99,6.11,8.89,21.24,0.0,1.84,8.68,11.37,12.29,10.41,27.31,0.0,2.45,14.39,18.56,19.43,33.25,0.11,0.0,3.08,19.99,28.42,29.02,22.52,37.78,0.17,0.0,28.43,17.63,18.89,16.77,18.07,6.91,14.64,20.79,20.7,17.97
BO ECases,7184.81,7184.81,7178.33,7171.17,7164.9,7155.06,7155.06,7155.06,7155.06,7151.81,7148.34,7143.5,7139.39,7134.78,7134.61,7133.93,7129.96,7127.39,7123.34,7117.13,7107.65,7107.3,7106.68,7106.22,7101.14,7097.48,7092.6,7082.74,7082.34,7081.94,7077.4,7073.65,7066.69,7060.26,7053.01,7052.81,7052.25,7044.96,7040.3,7031.18,7020.98,7020.9,7020.82,7020.69,7014.23,7009.33,7002.86,6997.56,6986.27,6986.27,6986.08,6980.48,6973.88,6962.77,6956.09,6943.3,6943.12,6942.51,6935.2,6927.89
BO NewECases,0.0,6.48,7.16,6.27,9.84,0.0,0.0,0.0,3.25,3.48,4.84,4.11,4.6,0.18,0.68,3.98,2.56,4.05,6.22,9.47,0.35,0.62,0.46,5.08,3.66,4.87,9.87,0.4,0.4,4.54,3.75,6.97,6.42,7.26,0.19,0.56,7.29,4.66,9.12,10.2,0.08,0.08,0.12,6.46,4.9,6.47,5.3,11.29,0.0,0.18,5.6,6.6,11.11,6.68,12.79,0.18,0.61,7.31,7.31,8.42
JE ECases,34952.83,34952.83,34940.03,34928.45,34919.76,34894.93,34894.93,34894.93,34894.93,34884.9,34871.0,34864.33,34856.5,34841.18,34841.18,34841.18,34834.17,34828.13,34819.84,34812.13,34797.33,34797.33,34796.59,34792.94,34786.18,34774.16,34766.29,34759.43,34753.95,34742.61,34730.33,34718.53,34707.61,34698.58,34689.34,34682.48,34669.1,34652.68,34633.51,34623.2,34609.26,34597.05,34581.53,34564.78,34538.38,34510.03,34481.69,34461.28,34434.39,34409.6,34378.29,34337.54,34293.17,34254.64,34219.31,34190.38,34156.31,34119.82,34073.46,34015.95
JE NewECases,0.0,12.8,11.58,8.69,24.83,0.0,0.0,0.0,10.03,13.91,6.67,7.84,15.31,0.0,0.0,7.01,6.04,8.29,7.71,14.81,0.0,0.73,3.65,6.76,12.02,7.87,6.86,5.48,11.35,12.27,11.81,10.91,9.03,9.24,6.86,13.38,16.42,19.17,10.31,13.95,12.2,15.52,16.75,26.4,28.36,28.34,20.41,26.89,24.8,31.31,40.76,44.37,38.53,35.33,28.93,34.07,36.49,46.36,57.51,40.96
WM ECases,38993.83,38993.83,38985.37,38971.76,38961.23,38952.7,38946.33,38946.2,38946.14,38938.85,38932.31,38927.65,38920.3,38910.55,38910.36,38910.24,38906.3,38898.44,38892.72,38887.47,38876.8,38876.68,38876.61,38870.25,38862.45,38859.17,38851.72,38841.41,38838.84,38837.35,38829.42,38818.36,38811.02,38800.05,38785.69,38782.64,38778.93,38765.62,38751.25,38735.79,38731.36,38709.49,38705.89,38700.18,38683.08,38660.9,38638.09,38612.94,38600.12,38588.74,38565.74,38536.78,38503.26,38470.7,38440.52,38417.25,38408.0,38372.99,38336.43,38298.85
WM NewECases,0.0,8.45,13.62,10.52,8.53,6.38,0.13,0.06,7.29,6.54,4.66,7.35,9.76,0.19,0.12,3.94,7.86,5.72,5.25,10.67,0.12,0.07,6.36,7.8,3.28,7.46,10.31,2.57,1.49,7.93,11.06,7.34,10.98,14.36,3.05,3.71,13.32,14.37,15.46,4.43,21.87,3.6,5.71,17.1,22.18,22.8,25.15,12.82,11.38,23.01,28.96,33.52,32.56,30.18,23.27,9.25,35.01,36.55,37.58,37.42
CZ ECases,38993.83,38993.83,38985.37,38971.76,38961.23,38952.7,38946.33,38946.2,38946.14,38938.85,38932.31,38927.65,38920.3,38910.55,38910.36,38910.24,38906.3,38898.44,38892.72,38887.47,38876.8,38876.68,38876.61,38870.25,38862.45,38859.17,38851.72,38841.41,38838.84,38837.35,38829.42,38818.36,38811.02,38800.05,38785.69,38782.64,38778.93,38765.62,38751.25,38735.79,38731.36,38709.49,38705.89,38700.18,38683.08,38660.9,38638.09,38612.94,38600.12,38588.74,38565.74,38536.78,38503.26,38470.7,38440.52,38417.25,38408.0,38372.99,38336.43,38298.85
CZ NewECases,0.0,8.45,13.62,10.52,8.53,6.38,0.13,0.06,7.29,6.54,4.66,7.35,9.76,0.19,0.12,3.94,7.86,5.72,5.25,10.67,0.12,0.07,6.36,7.8,3.28,7.46,10.31,2.57,1.49,7.93,11.06,7.34,10.98,14.36,3.05,3.71,13.32,14.37,15.46,4.43,21.87,3.6,5.71,17.1,22.18,22.8,25.15,12.82,11.38,23.01,28.96,33.52,32.56,30.18,23.27,9.25,35.01,36.55,37.58,37.42
OJ ECases,10554.17,10554.17,10550.67,10549.12,10547.01,10545.33,10544.0,10544.0,10543.78,10542.23,10540.34,10539.38,10537.7,10534.48,10534.03,10533.92,10532.75,10531.28,10529.9,10527.84,10524.74,10524.38,10524.11,10523.1,10522.37,10521.35,10518.52,10516.5,10516.45,10516.02,10515.54,10513.17,10511.13,10508.13,10504.81,10504.64,10503.86,10501.48,10498.21,10493.61,10491.55,10488.08,10488.04,10486.69,10480.26,10474.79,10468.36,10462.14,10458.05,10455.46,10452.27,10444.11,10433.72,10424.51,10414.51,10406.8,10405.8,10394.28,10380.25,10369.99
OJ NewECases,0.0,3.49,1.56,2.11,1.67,1.34,0.0,0.22,1.55,1.89,0.96,1.68,3.22,0.45,0.11,1.17,1.47,1.38,2.06,3.11,0.36,0.27,1.01,0.73,1.02,2.83,2.02,0.05,0.42,0.48,2.37,2.04,2.99,3.32,0.18,0.78,2.38,3.27,4.61,2.06,3.47,0.04,1.35,6.43,5.48,6.43,6.22,4.08,2.6,3.18,8.16,10.39,9.21,10.01,7.7,1.0,11.52,14.03,10.26,16.46
AA ECases,18276.69,18276.69,18263.15,18262.73,18262.73,18251.47,18251.47,18251.47,18251.47,18246.35,18239.52,18236.03,18232.56,18225.36,18225.36,18225.28,18223.32,18219.67,18215.23,18212.81,18206.35,18206.35,18206.35,18202.48,18199.05,18194.58,18189.1,18182.46,18182.37,18177.47,18170.0,18165.09,18160.14,18153.78,18145.73,18145.73,18138.29,18126.52,18117.35,18109.13,18092.13,18092.13,18092.13,18081.43,18069.17,18052.36,18036.18,18022.54,17998.06,17997.97,17979.15,17958.71,17930.38,17901.79,17880.3,17837.49,17837.4,17815.4,17780.66,17735.91
AA NewECases,0.0,13.55,0.41,0.0,11.26,0.0,0.0,0.0,5.12,6.83,3.49,3.47,7.19,0.0,0.08,1.96,3.64,4.44,2.43,6.46,0.0,0.0,3.87,3.43,4.46,5.49,6.64,0.08,4.9,7.47,4.91,4.95,6.36,8.05,0.0,7.44,11.77,9.16,8.23,17.0,0.0,0.0,10.7,12.26,16.81,16.18,13.64,24.49,0.08,18.82,20.43,28.33,28.59,21.49,42.81,0.08,22.0,34.74,44.75,46.68
BC ECases,16213.44,16213.44,16197.53,16197.53,16197.53,16189.32,16189.32,16189.32,16189.32,16190.01,16187.72,16177.54,16171.86,16165.24,16165.24,16165.24,16161.67,16157.17,16146.19,16142.78,16137.43,16137.43,16137.43,16135.11,16132.31,16128.93,16126.54,16119.31,16119.31,16115.94,16111.69,16103.45,16097.85,16093.17,16085.05,16085.05,16077.7,16070.23,16060.1,16050.42,16031.15,16031.15,16031.15,16022.39,16008.75,15995.67,15973.39,15953.5,15926.78,15926.78,15902.08,15881.28,15852.6,15817.76,15788.58,15735.81,15735.81,15707.63,15668.51,15630.66
BC NewECases,0.0,15.91,0.0,0.0,8.21,0.0,0.0,0.0,-0.69,2.29,10.17,5.68,6.63,0.0,0.0,3.57,4.5,10.97,3.41,5.35,0.0,0.0,2.32,2.8,3.39,2.39,7.23,0.0,3.38,4.24,8.24,5.6,4.68,8.13,0.0,7.35,7.47,10.13,9.68,19.27,0.0,0.0,8.76,13.64,13.08,22.27,19.89,26.72,0.0,24.7,20.8,28.68,34.84,29.19,52.77,0.0,28.18,39.12,37.85,52.74
DE ECases,6400.08,6399.44,6395.68,6395.18,6394.97,6392.93,6392.79,6392.79,6392.79,6392.09,6391.4,6390.61,6389.83,6388.42,6388.42,6388.42,6388.12,6387.4,6386.5,6386.03,6384.47,6384.47,6384.47,6383.67,6383.11,6381.38,6380.2,6378.23,6377.81,6376.44,6374.74,6372.9,6371.37,6369.03,6366.26,6365.4,6363.48,6360.49,6358.63,6355.26,6351.14,6350.99,6350.78,6347.9,6343.31,6336.85,6329.97,6322.94,6315.83,6315.4,6309.27,6302.76,6292.42,6278.95,6270.96,6257.26,6254.98,6246.74,6236.49,6222.66
DE NewECases,0.64,3.75,0.5,0.21,2.04,0.14,0.0,0.0,0.7,0.69,0.8,0.78,1.41,0.0,0.0,0.3,0.72,0.9,0.47,1.55,0.0,0.0,0.81,0.55,1.73,1.18,1.97,0.43,1.36,1.7,1.84,1.52,2.34,2.78,0.86,1.92,3.0,1.86,3.37,4.12,0.14,0.21,2.88,4.58,6.47,6.88,7.03,7.12,0.43,6.13,6.52,10.34,13.47,8.0,13.69,2.28,8.24,10.26,13.82,14.66
SA ECases,2933.4,2933.4,2931.99,2931.99,2931.99,2931.06,2931.06,2931.06,2931.06,2930.93,2930.79,2930.64,2930.46,2930.07,2930.07,2930.07,2929.93,2929.42,2929.03,2928.39,2927.62,2927.62,2927.62,2927.43,2927.3,2927.23,2926.83,2926.05,2926.05,2925.53,2925.36,2924.86,2924.3,2923.53,2922.63,2922.63,2921.89,2920.49,2919.38,2918.28,2916.95,2916.95,2916.95,2915.86,2914.19,2912.27,2910.03,2907.44,2904.27,2904.27,2901.3,2897.81,2893.37,2887.73,2882.79,2876.56,2876.56,2871.7,2864.77,2859.02
SA NewECases,0.0,1.42,0.0,0.0,0.93,0.0,0.0,0.0,0.13,0.14,0.15,0.19,0.38,0.0,0.0,0.14,0.51,0.39,0.63,0.77,0.0,0.0,0.2,0.13,0.07,0.4,0.78,0.0,0.51,0.18,0.5,0.56,0.77,0.89,0.0,0.74,1.41,1.11,1.1,1.32,0.0,0.0,1.09,1.67,1.92,2.24,2.59,3.17,0.0,2.96,3.49,4.44,5.65,4.94,6.23,0.0,4.86,6.92,5.75,6.72
FW ECases,13669.96,13668.99,13662.71,13652.38,13647.89,13634.71,13634.3,13634.3,13633.8,13628.14,13623.74,13618.4,13613.51,13605.94,13605.76,13604.76,13599.32,13595.0,13591.06,13584.88,13579.3,13578.89,13569.11,13564.99,13560.71,13556.35,13551.77,13545.39,13544.33,13538.83,13533.24,13525.77,13520.2,13513.16,13504.26,13503.74,13497.04,13488.72,13470.87,13465.46,13455.64,13455.64,13450.77,13443.86,13431.91,13420.45,13405.35,13395.15,13386.22,13377.55,13365.61,13351.93,13333.74,13318.67,13306.44,13296.11,13285.01,13268.43,13250.82,13236.43
FW NewECases,0.97,6.28,10.33,4.49,13.18,0.42,0.0,0.5,5.66,4.39,5.34,4.9,7.56,0.18,1.0,5.44,4.31,3.94,6.18,5.59,0.41,9.78,4.12,4.28,4.36,4.58,6.38,1.06,5.5,5.58,7.47,5.58,7.04,8.9,0.52,6.7,8.32,17.85,5.41,9.83,0.0,4.86,6.92,11.94,11.47,15.1,10.2,8.94,8.67,11.95,13.68,18.18,15.07,12.23,10.33,11.1,16.58,17.61,14.39,20.9
MA ECases,25863.09,25861.71,25845.41,25824.63,25788.63,25761.47,25760.83,25760.59,25759.91,25747.09,25737.81,25706.59,25697.21,25680.59,25680.28,25679.0,25670.63,25664.25,25648.19,25640.2,25630.13,25629.72,25619.81,25612.83,25605.98,25592.95,25586.77,25579.53,25577.58,25569.28,25558.94,25546.59,25541.24,25523.28,25511.61,25508.92,25495.85,25482.23,25460.27,25451.05,25438.53,25435.81,25428.01,25414.58,25396.52,25376.83,25352.31,25338.59,25325.52,25312.41,25292.98,25267.09,25240.22,25208.96,25186.98,25171.69,25153.55,25128.23,25101.87,25076.2
MA NewECases,1.39,16.29,20.79,36.0,27.16,0.64,0.24,0.68,12.82,9.28,31.22,9.38,16.62,0.31,1.28,8.37,6.38,16.06,7.99,10.07,0.41,9.91,6.98,6.85,13.03,6.18,7.24,1.95,8.3,10.34,12.35,9.23,17.96,11.67,2.69,13.07,13.62,21.97,9.21,12.53,2.71,7.8,13.43,18.07,19.69,24.52,13.72,13.07,13.1,18.97,25.89,26.87,31.26,21.97,15.29,18.14,25.32,26.37,25.66,32.18
IN ECases,16961.37,16961.37,16949.58,16936.03,16927.33,16905.32,16905.32,16905.32,16905.32,16897.11,16887.96,16878.82,16872.8,16858.96,16858.96,16858.96,16851.55,16843.33,16837.4,16830.88,16821.99,16821.99,16806.22,16799.89,16792.97,16784.41,16777.27,16767.06,16766.91,16757.46,16748.07,16735.49,16726.91,16716.49,16703.74,16703.39,16692.63,16681.09,16635.25,16629.25,16616.72,16615.94,16607.71,16596.77,16584.96,16569.86,16555.13,16543.28,16534.21,16520.29,16505.88,16488.55,16468.2,16449.28,16437.04,16425.01,16411.13,16390.24,16370.02,16349.68
IN NewECases,0.0,11.8,13.55,8.7,22.02,0.0,0.0,0.0,8.21,9.15,9.13,6.03,13.84,0.0,0.0,7.41,8.23,5.92,6.52,8.89,0.0,15.77,6.33,6.92,8.56,7.15,10.21,0.15,9.45,9.39,12.58,8.58,10.42,12.74,0.36,10.76,11.54,45.84,6.0,12.53,0.78,8.22,10.94,11.81,15.1,14.73,11.84,9.07,13.92,14.41,17.33,20.35,18.93,12.24,12.02,13.89,20.89,20.22,20.33,19.56
CH ECases,17194.04,17190.3,17185.31,17181.33,17175.28,17171.06,17167.69,17167.69,17165.2,17162.21,17159.39,17155.69,17151.41,17148.53,17146.11,17142.31,17137.8,17131.93,17124.65,17117.19,17115.54,17112.35,17109.94,17104.82,17101.35,17094.14,17089.23,17086.65,17082.75,17076.91,17072.44,17067.81,17062.89,17058.3,17054.7,17051.33,17046.83,17039.01,17030.27,17026.89,17019.27,17019.27,17013.96,17008.12,17000.6,16993.41,16981.26,16973.67,16967.62,16959.1,16948.08,16936.2,16922.73,16912.82,16902.65,16891.95,16884.15,16875.02,16862.75,16849.08
CH NewECases,3.73,4.99,3.98,6.05,4.22,3.37,0.0,2.5,2.98,2.82,3.7,4.28,2.88,2.42,3.8,4.51,5.87,7.28,7.46,1.65,3.18,2.42,5.11,3.47,7.21,4.92,2.58,3.9,5.84,4.47,4.63,4.92,4.59,3.6,3.37,4.5,7.82,8.74,3.38,7.62,0.0,5.31,5.84,7.52,7.19,12.15,7.59,6.05,8.52,11.02,11.88,13.47,9.92,10.17,10.69,7.8,9.13,12.27,13.67,17.44
CN ECases,2373.52,2373.52,2372.53,2371.6,2370.6,2368.84,2368.84,2368.84,2368.84,2367.49,2366.66,2365.86,2364.8,2364.57,2364.57,2364.57,2364.09,2363.65,2363.36,2362.77,2361.97,2361.97,2361.89,2361.39,2360.45,2359.49,2359.13,2357.03,2357.03,2356.76,2356.23,2355.45,2355.18,2354.54,2353.45,2353.45,2352.78,2351.72,2351.13,2350.44,2348.96,2348.96,2348.76,2347.94,2346.65,2345.11,2342.78,2341.28,2339.17,2338.96,2338.7,2336.92,2335.32,2333.15,2331.91,2330.5,2329.81,2329.37,2328.36,2327.16
CN NewECases,0.0,0.98,0.93,1.0,1.76,0.0,0.0,0.0,1.35,0.83,0.79,1.06,0.23,0.0,0.0,0.49,0.44,0.29,0.59,0.8,0.0,0.08,0.5,0.94,0.95,0.36,2.11,0.0,0.26,0.53,0.78,0.27,0.64,1.08,0.0,0.68,1.06,0.59,0.68,1.48,0.0,0.2,0.82,1.28,1.54,2.33,1.5,2.12,0.21,0.26,1.78,1.6,2.17,1.24,1.41,0.69,0.44,1.0,1.2,1.43
CL ECases,17080.96,17076.36,17071.59,17065.33,17060.54,17058.49,17055.73,17055.73,17051.79,17048.45,17043.88,17041.06,17036.16,17034.33,17031.87,17027.96,17023.1,17019.28,17015.41,17012.31,17010.17,17007.78,17004.83,16998.98,16994.93,16989.9,16985.41,16981.15,16977.3,16973.11,16966.95,16960.99,16954.36,16947.6,16942.6,16937.52,16929.87,16916.79,16908.45,16903.21,16891.7,16891.7,16883.65,16871.64,16857.43,16843.43,16824.37,16811.17,16800.77,16784.94,16767.03,16746.59,16721.11,16702.56,16680.57,16665.44,16651.57,16632.95,16612.65,16591.41
CL NewECases,4.6,4.77,6.26,4.79,2.06,2.76,0.0,3.94,3.34,4.57,2.82,4.91,1.83,2.46,3.91,4.86,3.82,3.87,3.1,2.14,2.39,2.95,5.85,4.05,5.02,4.49,4.26,3.85,4.19,6.16,5.96,6.63,6.76,5.01,5.08,7.65,13.08,8.33,5.24,11.52,0.0,8.05,12.02,14.21,14.0,19.06,13.19,10.4,15.83,17.92,20.43,25.48,18.55,22.0,15.13,13.88,18.62,20.3,21.24,26.24
DA ECases,15487.34,15481.8,15474.78,15469.06,15465.54,15462.21,15458.93,15458.93,15456.25,15452.91,15430.86,15428.76,15424.85,15422.87,15420.63,15418.85,15414.95,15411.17,15407.79,15402.58,15401.72,15399.99,15396.37,15390.76,15388.33,15383.69,15380.4,15378.84,15374.98,15366.24,15360.77,15356.35,15350.94,15345.7,15342.97,15339.27,15335.39,15328.88,15324.02,15319.41,15313.83,15313.83,15309.64,15300.4,15294.28,15287.38,15276.53,15268.25,15262.17,15255.8,15246.93,15235.66,15222.88,15214.41,15204.57,15198.19,15192.93,15181.65,15172.73,15158.51
DA NewECases,5.54,7.02,5.73,3.51,3.33,3.27,0.0,2.68,3.34,22.05,2.1,3.91,1.98,2.24,1.78,3.9,3.78,3.38,5.2,0.86,1.73,3.62,5.61,2.42,4.64,3.29,1.56,3.86,8.74,5.47,4.42,5.4,5.24,2.73,3.7,3.88,6.51,4.86,4.61,5.58,0.0,4.18,9.25,6.12,6.89,10.85,8.28,6.07,6.37,8.87,11.27,12.78,8.46,9.84,6.38,5.26,11.28,8.93,14.21,18.0
DN ECases,6680.78,6680.78,6678.41,6674.99,6674.04,6669.24,6669.24,6669.24,6669.24,6668.12,6666.63,6665.77,6664.32,6661.94,6661.94,6661.94,6660.55,6659.61,6658.97,6657.75,6654.6,6654.6,6654.6,6654.05,6652.82,6650.4,6649.21,6647.83,6646.09,6643.9,6641.58,6639.54,6637.3,6634.5,6632.75,6631.33,6629.74,6626.47,6622.09,6618.0,6615.37,6613.07,6610.89,6604.94,6599.76,6593.8,6587.33,6581.43,6578.18,6573.96,6567.28,6559.11,6551.77,6543.97,6534.25,6530.81,6525.87,6519.07,6512.32,6504.34
DN NewECases,0.0,2.37,3.42,0.95,4.8,0.0,0.0,0.0,1.12,1.49,0.86,1.45,2.38,0.0,0.0,1.4,0.94,0.64,1.22,3.15,0.0,0.0,0.55,1.23,2.42,1.19,1.39,1.73,2.2,2.32,2.04,2.24,2.8,1.75,1.42,1.59,3.27,4.38,4.09,2.63,2.29,2.19,5.94,5.18,5.96,6.47,5.9,3.25,4.22,6.68,8.17,7.34,7.8,9.71,3.44,4.94,6.8,6.75,7.98,9.33
HN ECases,34952.83,34952.83,34940.03,34928.45,34919.76,34894.93,34894.93,34894.93,34894.93,34884.9,34871.0,34864.33,34856.5,34841.18,34841.18,34841.18,34834.17,34828.13,34819.84,34812.13,34797.33,34797.33,34796.59,34792.94,34786.18,34774.16,34766.29,34759.43,34753.95,34742.61,34730.33,34718.53,34707.61,34698.58,34689.34,34682.48,34669.1,34652.68,34633.51,34623.2,34609.26,34597.05,34581.53,34564.78,34538.38,34510.03,34481.69,34461.28,34434.39,34409.6,34378.29,34337.54,34293.17,34254.64,34219.31,34190.38,34156.31,34119.82,34073.46,34015.95
HN NewECases,0.0,12.8,11.58,8.69,24.83,0.0,0.0,0.0,10.03,13.91,6.67,7.84,15.31,0.0,0.0,7.01,6.04,8.29,7.71,14.81,0.0,0.73,3.65,6.76,12.02,7.87,6.86,5.48,11.35,12.27,11.81,10.91,9.03,9.24,6.86,13.38,16.42,19.17,10.31,13.95,12.2,15.52,16.75,26.4,28.36,28.34,20.41,26.89,24.8,31.31,40.76,44.37,38.53,35.33,28.93,34.07,36.49,46.36,57.51,40.96
NC ECases,34952.83,34952.83,34940.03,34928.45,34919.76,34894.93,34894.93,34894.93,34894.93,34884.9,34871.0,34864.33,34856.5,34841.18,34841.18,34841.18,34834.17,34828.13,34819.84,34812.13,34797.33,34797.33,34796.59,34792.94,34786.18,34774.16,34766.29,34759.43,34753.95,34742.61,34730.33,34718.53,34707.61,34698.58,34689.34,34682.48,34669.1,34652.68,34633.51,34623.2,34609.26,34597.05,34581.53,34564.78,34538.38,34510.03,34481.69,34461.28,34434.39,34409.6,34378.29,34337.54,34293.17,34254.64,34219.31,34190.38,34156.31,34119.82,34073.46,34015.95
NC NewECases,0.0,12.8,11.58,8.69,24.83,0.0,0.0,0.0,10.03,13.91,6.67,7.84,15.31,0.0,0.0,7.01,6.04,8.29,7.71,14.81,0.0,0.73,3.65,6.76,12.02,7.87,6.86,5.48,11.35,12.27,11.81,10.91,9.03,9.24,6.86,13.38,16.42,19.17,10.31,13.95,12.2,15.52,16.75,26.4,28.36,28.34,20.41,26.89,24.8,31.31,40.76,44.37,38.53,35.33,28.93,34.07,36.49,46.36,57.51,40.96
TO ECases,10554.17,10554.17,10550.67,10549.12,10547.01,10545.33,10544.0,10544.0,10543.78,10542.23,10540.34,10539.38,10537.7,10534.48,10534.03,10533.92,10532.75,10531.28,10529.9,10527.84,10524.74,10524.38,10524.11,10523.1,10522.37,10521.35,10518.52,10516.5,10516.45,10516.02,10515.54,10513.17,10511.13,10508.13,10504.81,10504.64,10503.86,10501.48,10498.21,10493.61,10491.55,10488.08,10488.04,10486.69,10480.26,10474.79,10468.36,10462.14,10458.05,10455.46,10452.27,10444.11,10433.72,10424.51,10414.51,10406.8,10405.8,10394.28,10380.25,10369.99
TO NewECases,0.0,3.49,1.56,2.11,1.67,1.34,0.0,0.22,1.55,1.89,0.96,1.68,3.22,0.45,0.11,1.17,1.47,1.38,2.06,3.11,0.36,0.27,1.01,0.73,1.02,2.83,2.02,0.05,0.42,0.48,2.37,2.04,2.99,3.32,0.18,0.78,2.38,3.27,4.61,2.06,3.47,0.04,1.35,6.43,5.48,6.43,6.22,4.08,2.6,3.18,8.16,10.39,9.21,10.01,7.7,1.0,11.52,14.03,10.26,16.46
CO ECases,11057.21,11054.43,11051.24,11048.04,11045.29,11043.08,11040.97,11040.97,11039.58,11038.21,11036.63,11034.92,11032.18,11030.17,11028.75,11026.48,11023.86,11019.76,11013.11,11007.2,11006.01,11003.98,11002.47,10998.67,10997.07,10991.61,10988.31,10986.83,10983.91,10979.6,10976.65,10973.41,10969.7,10966.35,10963.67,10961.06,10957.19,10951.0,10944.17,10941.68,10935.84,10935.84,10931.82,10927.92,10923.12,10916.51,10907.5,10901.89,10897.73,10892.41,10884.9,10877.14,10866.93,10859.68,10852.08,10845.07,10839.31,10831.74,10822.15,10811.49
CO NewECases,2.78,3.19,3.2,2.75,2.21,2.11,0.0,1.39,1.37,1.59,1.71,2.74,2.01,1.42,2.27,2.62,4.1,6.65,5.91,1.19,2.03,1.51,3.79,1.61,5.46,3.29,1.49,2.92,4.31,2.96,3.23,3.71,3.35,2.68,2.61,3.87,6.2,6.82,2.49,5.85,0.0,4.01,3.9,4.8,6.61,9.0,5.62,4.16,5.32,7.51,7.76,10.2,7.26,7.59,7.01,5.76,7.57,9.59,10.67,13.3
